{
  "user": {
    "world": [ true, false, false, false, false, false, false, false, false ],
    "map": [ false, false, false, false, false, false, false, false, false, false, false, false, false, false, false, false, false ],
    "buffs": [ 0, 0, 0, 0 ],
    "money": 0,
    "maxDistanceArcade" : 0
  },

  "userConfig": {
    "volumeMusic": 6,
    "volumeEffects": 6,
    "difficulty": 0,
    "lang":""
  },

  "esp": {
    "Buttons": {
      "arcade": "ARCADE",
      "story": "HISTORIA",
      "options": "OPCIONES",
      "tutorial": "TUTORIAL",
      "credits": "CRÉDITOS",
      "shop": "TIENDA",
      "back": "VOLVER",
      "quit": "SALIR",
      "pause": "PAUSA",
      "volume": "VOLUMEN",
      "adjust": "AJUSTES",
      "easy": "TRAVESÍA",
      "medium": "CACERÍA",
      "difficult": "FRENESÍ",
      "erase_Data": "RESETEAR",
      "confirm": "CONFIRMAR",
      "cancel": "CANCELAR",
      "buy": "COMPRAR",
      "language": "ESPAÑOL"
    },
    "Dialogs": [
      [
        ["EINAR", "\nEinar: Hacia tiempo que no salía al \n   combate, mis brazos ya no son lo que eran, \n mis piernas están cansadas."],
        ["EINAR", "   Einar: Los dioses me bendijeron hace mcuhos \n soles, soy Einar el inmortal, \n la calamidad de mis enemigos \n y el escudo de mi pueblo."],
        ["EINAR","    \n             Einar: Pero llevo demasiado tiempo sin \n nada ni nadie a quien defender."],
        ["EINAR","    \n         Einar: Dime tu Munin, cuervo de la memoria."],
        ["EINAR","    \n             Einar: ¿Qué hice para estar aquí?"],
        ["EINAR","    \n             Einar: ¿Acaso alguien me recuerda?"],
        ["MUNIN","    \n             Munin: ... ... ..."]
      ],
      [
        ["EINAR","     Einar: He estado intentando recordar \n por el camino, pero apenas \n consigo vislumbrar un poco de la vida \n que deje atrás."],
        ["EINAR","    \n          Einar: ¿Tenía familia? "],
        ["EINAR","    \n     Einar: ¿Qué vieron en mí los dioses?"],
        ["EINAR","     Einar: Mi memoria solo me dice que llevo \n demasiado tiempo huyendo. \n Mi hacha está oxidada y no sé \n qué sangre es mía o de un enemigo."],
        ["EINAR","     Einar: Necesito nombres y motivos, \n ya no puedo seguir en el cobijo de mi \n ignorancia. Dime que tengo que hacer \n para encontrar mis respuestas."],
        ["EINAR","    \n          Einar: ¿A dónde voy? "],
        ["MUNIN","    \n          Munin:  …  …  … "]
      ],
      [
        ["EINAR","     Einar: Este bosque está repleto de sitios \n donde morir, \n debo buscar el lago Mälaren."],
        ["EINAR","          Einar: Munin di algo que me sirva \n de brújula para seguir."],
        ["MUNIN","     \n           Munin: ¿Te acuerdas de Greta?"],
        ["EINAR","     \n           Einar: …"],
        ["EINAR","               Einar: Mi hija, que pequeña era. \n      Ahora veo el color de sus ojos, \n le encantaba montar a caballo \n por estas montañas."],
        ["EINAR","          Einar: Kaira, ay Kaira. \n      Acabo de escuchar la voz de mi mujer. \n Hubo un tiempo en el que fui \n más feliz de lo que podía,"],
        ["EINAR","     \n           Einar: ¿Cómo pude olvidar quién era? "],
        ["MUNIN","     \n           Munin:  …  …  … "]

      ],
      [
        ["EINAR"," \n     Einar: Llevo todo el camino pensando \n en mi casa, en los campos de trigo \n que cuidaba mi familia. "],
        ["EINAR","     \n          Einar: La vida allí era muy bonita"],
        ["EINAR","     \n          Einar: ¿Cómo pude acabar así? "],
        ["EINAR","     Einar: Llevaba tanto tiempo siendo uno \n con el silencio que había dejado de pensar. \n He despertado al fin."],
        ["EINAR","     Einar: Munin, necesito seguir conociendo \n mi pasado, quiero saber que ha sido de mí \n y de mi pueblo."],
        ["EINAR","     \n     Einar: ¿Qué he hecho durante toda mi vida?"],
        ["MUNIN","     \n           Munin:  …  …  … "]

      ],
      [
        ["EINAR"," \n          Einar: Me falta el aire. Seré inmortal, \n      pero mis huesos ya se están rompiendo.  "],
        ["EINAR"," \n     Einar: Muchas guerras llevan este escudo y \n muchas heridas estas piernas."],
        ["EINAR"," \n     Einar: ¿Por qué estás aquí Munin? \n ¿Quién te manda?"],
        ["MUNIN","     \n           Munin: ¡Por Odín!"],
        ["EINAR"," \n     Einar: Ese maldito dios fue quien \n me ató a este cuerpo."],
        ["EINAR","Einar: Me dijo que sería el protector de mi pueblo, \n lo que no me contó, fue todas las batallas \n que libraría y toda la muerte que me perseguiría."],
        ["EINAR"," \n     Einar: ¿Cómo puede lo divino ser tan sádico?"]
      ],
      [
        ["EINAR","           Einar: Que paz me trae este lago, \n       volver aquí ha sido un respiro, \n mi casa estaba al este \n de las montañas nevadas."],
        ["EINAR","      \n           Einar: El frío era una mezcla de \n nostalgia y penumbra."],
        ["EINAR","     \n           Einar: Jummm…,"],
        ["EINAR"," \n     Einar: Oh Hugin, cuervo del pensamiento. \n ¿Qué haces en Midgard? "],
        ["EINAR"," \n     Einar: Hacia tantos inviernos que no volabas, \n que te di por extinto."],
        ["HUGIN","     \n           Hugin:  …  …  … "],
        ["EINAR"," \n     Einar: Veo que todo este tiempo no \n te ha cambiado. "],
        ["EINAR","      Einar: Si vienes a espiarme poco vas a ver, \n voy a donde nací, \n a buscar en los vestigios de mi cuna."],
        ["EINAR","     \n           Einar: ¿Qué queda aún de lo que fui?"]

      ],
      [
        ["EINAR","\n Einar: Voy a rastras evitando a estos berserkers, \n están poseídos por las setas del bosque."],
        ["EINAR"," \n      Einar: Puedo sentir su locura porque \n yo la he vivido también. "],
        ["EINAR"," \n      Einar: ¿Cómo pude estar tantos siglos \n  secuestrado por la ira?"],
        ["EINAR","      Einar: Hugin, tú qué sabes todo, \n confiésame la razón \n de los deseos de los dioses. "],
        ["HUGIN"," \n            Hugin: Tus preguntas están ciegas. \n Mira tú puño antes que las nubes."],
        ["EINAR","      \n           Einar: Puf... "],
        ["EINAR","Einar: Tal vez tengas razón, \n       la voluntad de los dioses me hizo inmortal, \n pero la sed de sangre era mía.  "],
        ["EINAR","      Einar: El muro de mi fe me ha amordazado \n haciendo de mis deseos un futuro vil."],
        ["EINAR"," \n      Einar: ¿Cuánto tiempo he pasado entre \n rezos a oídos ajenos?"]
      ],
      [
        ["EINAR","Einar: El hielo me dificulta el paso, \n además mi cabeza lleva tiempo lejos de mi cuerpo.\n Este camino me ha embravecido el espíritu, \n soy una mezcla de furia y desconcierto. "],
        ["EINAR","      \n           Einar: ¿Para qué sirven los dioses? "],
        ["EINAR","Einar: He visto tanto la corrisiva voluntad \n de los hombres, que creo que el único poder \n de los dioses es sembrar furia en la ignorancia \n y utopías en los sueños."],
        ["HUGIN","      \n           Hugin: ¿No tienes miedo a que te escuchen?"],
        ["EINAR","\n Einar: Para mí la muerte no sería un castigo \n Hugin, he vivido más de lo que hubiera deseado."],
        ["EINAR","\n     Einar: Haría cualquier cosa por descansar \n en el Valhalla junto a mi pueblo, \n aquí solo queda miseria.  "],
        ["EINAR","\n Einar: ¿Qué puedo hacer para llegar al Valhalla?  "]
      ],
      [
        ["EINAR","Einar: Estoy cansado de esta tierra, \n no hay más que saqueadores, \n demasiado caos hay en la que antaño fue mi casa.  "],
        ["EINAR"," \n      Einar: Midgard está en continua guerra y \n yo ya no soy parte de ella. "],
        ["EINAR","       \n              Einar: ¿Qué hago Hugin? \n             ¿Por qué no vuelves a tu casa?"],
        ["HUGIN","      Hugin: La sombra se está propagando por \n Yggdrasil, los dioses han perdido \n su poder durante este tiempo."],
        ["HUGIN"," \n                    Hugin: Odín me abandonó \n             con la caída del Valhalla."],
        ["EINAR"," \n                    Einar: ¿Qué ha pasado? \n              ¿Cómo pierde un dios su poder?"],
        ["EINAR","Einar: Debo buscar el Bifröst, espero que \n su guardian Heimdal siga recordando \n aquel favor que le hice salvando a aquella hija \n bastarda suya en la guerra de Wessex.  "],
        ["EINAR","      \n           Einar: ¿Y ahora qué debo de hacer?  "]
      ],
      [
        ["EINAR","\n Einar: ¿Qué habrá podido acabar con los dioses?  "],
        ["EINAR","\n Einar: Tengo que ir a verlo con mis propios ojos. "],
        ["EINAR","      Einar: Hugin, vamos a atravesar Yggdrasil \n y sus planetas para unir a un ejército \n con el que salvar Asgard. "],
        ["EINAR","      Einar: Yo solo estaría perdido, \n       necesito conseguir a las mejores bestias \n       y guerreros para limpiar la sombra \n       que recorre las ramas."],
        ["HUGIN"," \n       Hugin: : Las migas también son pan Einar. "],
        ["HUGIN","Hugin: : Cruzaremos los ocho mundos siguiendo \n la estela del arcoíris, \n se escribirán leyendas sobre este destino.  "],
        ["HUGIN","     Hugin: : Es peligroso ir solo, \n      mira siempre quien te da la mano \n      y quien te la esconde. "],
        ["EINAR"," \n      Einar: Vamos al final de los finales Hugin. "],
        ["EINAR","     Einar: Tengo que descubrir cómo puedo \n romper esta falsa bendición a la que \n me esclavizaron los dioses."],
        ["EINAR","\n Einar: Espero encontrar respuestas por el camino. "],
        ["EINAR","\n      Einar: ¿Qué habrá en el resto de mundos? "],
        ["EINAR","\n Einar: ¿Encontraré a los espíritus de mi familia? "],
        ["EINAR","\n            Einar: ¿Habrá paz tras la sombra? "],
        ["EINAR","\n      Einar: ¿Será este el inicio del Ragnarok?"],
        ["EINAR","\n            Einar: ¿Podré morir algún día?"]
      ],

      [],
      [],
      [],
      [],
      [
        [ "EINAR", "Einar: Mi pueblo adoraba estas cordilleras, \n los inviernos que vivíamos eran largos, \n pero recuerdo con mucho cariño \n las fiestas en el templo de Upsala. " ],
        [ "EINAR", "     Einar: Mi padre era un granjero muy querido \n      y mi madre murió al darme a luz, \n      ahora está con los dioses, o eso dicen. " ],
        [ "EINAR", "\n Einar: Aprendí a luchar por supervivencia \n cuando mi pueblo conoció las invasiones de los rus.  " ],
        [ "EINAR", "\n      Einar: No hubo rey que pudiera con ellos, \n      su inteligencia era digna de Balder." ],
        [ "EINAR", "\n      Einar: ¿Por qué hubo tanta guerra \n      si todos teníamos la misma sangre? " ],
        [ "EINAR", " \n      Einar: ¿De qué sirvió si no queda nadie?" ],
        [ "EINAR", "     Einar: Soy el último vestigio de mi pueblo, \n      pero para qué quiero estar aquí si no tengo \n  motivos para celebrar nada. " ],
        [ "EINAR", " \n      Einar: El tiempo es un daño constante. " ],
        [ "EINAR", " \n      Einar: Tener pulso no me hace estar vivo. " ]
      ],
      [
        [ "EINAR", "     Einar: Hace tanto tiempo que no veo \n      a mi familia que ya no consigo reconocer \n      poco más que unos destellos de paz. " ],
        [ "EINAR", "     Einar: Conocí a Kaira en las fiestas de \n      la primavera con el crujir del deshielo.  " ],
        [ "EINAR", "Einar: Luchamos en la orilla del río Sena \n y atravesamos incluso las columnas de hércules.   " ],
        [ "EINAR", "     Einar: Nadie me quería como ella, \n      nunca olvidaré el día que dio a luz." ],
        [ "EINAR", "     Einar: Mi querida Greta era más pequeña \n      que mi barba cuando nació." ],
        [ "EINAR", "\n           Einar: Con ella aprendí a amar." ],
        [ "EINAR", "Einar: Siempre estaba corriendo por los \n cultivos, ella odiaba la lucha, su única pasión \n  era escribir grandes relatos sobre los dioses y \n las historias que le contaba sobre mis guerras. " ],
        [ "EINAR", "\n           Einar: Algunas canciones las llevo \n en el bolsillo todavía. " ],
        [ "EINAR", "\n           Einar: ¿Qué queda de ellas ahora?" ],
        [ "EINAR", "\n           Einar: ¿Serán felices allá donde estén?    " ]

      ]

    ],

    "Loading": "Cargando",

    "Map_Menu": {
      "map_1": "Map 1 Nombre",
      "map_2": "Map 2 Nombre",
      "map_3": "Map 3 Nombre",
      "map_4": "Map 4 Nombre",
      "map_5": "Map 5 Nombre",
      "map_6": "Map 6 Nombre",
      "map_7": "Map 7 Nombre",
      "map_8": "Map 8 Nombre",
      "map_9": "Map 9 Nombre",
      "map_10": "Map 10 Nombre",
      "back": "Volver"
    },
    "World_Menu": {
      "world_1": "Helheim",
      "world_2": "Muspellheim",
      "world_3": "Nifelheim",
      "world_4": "Midgard",
      "world_5": "Asgard",
      "world_6": "Bifröst",
      "world_7": "Jötunheim",
      "world_8": "Vanaheim",
      "world_9": "Svartalheim"
    },
    "Credits": " ROCKET STUDIOS \n\n Juegos Web y Redes Sociales \n\n PATROCINADORES DEL PROYECTO: \n Julio Guillen Garcia \n Daniel Palacios Alonso \n\n DIRECTORA DEL PROYECTO: \n Paula Calzada Toledo \n\n PROGRAMACIÓN: \n Paula Calzada Toledo \n Rodrigo Martínez Sánchez \n Manuel Perez Ramil \n\n DISEÑO: \n Jesus de Pando Galan \n Diego Perez Perez \n\n NARRACIÓN: \n Jesus de Pando Galan \n\n ARTE: \n Diego Perez Perez \n\n FUENTES: \n *FreeFonts* \n\n EFECTOS DE SONIDO: \n  *MUSICA* \n\n A LA SOMBRA DE YGGDRASIL"
  },

  "eng": {
    "Loading": "Loading",
    "Buttons": {
      "arcade": "ARCADE",
      "story": "STORY",
      "options": "OPTIONS",
      "tutorial": "TUTORIAL",
      "credits": "CREDITS",
      "shop": "SHOP",
      "back": "BACK",
      "quit": "QUIT",
      "pause": "PAUSE",
      "volume": "VOLUME",
      "adjust": "SETTINGS",
      "easy": "CROSSING",
      "medium": "HUNTING",
      "difficult": "FRENZY",
      "erase_Data": "RESET",
      "confirm": "CONFIRM",
      "cancel": "CANCEL",
      "buy": "BUY",
      "language": "ENGLISH"
    },
    "World_Menu": {
      "world_1": "Helheim",
      "world_2": "Muspellheim",
      "world_3": "Nifelheim",
      "world_4": "Midgard",
      "world_5": "Asgard",
      "world_6": "Bifröst",
      "world_7": "Jötunheim",
      "world_8": "Vanaheim",
      "world_9": "Svartalheim"
    },
    "Map_Menu": {
      "map_1": "Map 1 Nombre",
      "map_2": "Map 2 Nombre",
      "map_3": "Map 3 Nombre",
      "map_4": "Map 4 Nombre",
      "map_5": "Map 5 Nombre",
      "map_6": "Map 6 Nombre",
      "map_7": "Map 7 Nombre",
      "map_8": "Map 8 Nombre",
      "map_9": "Map 9 Nombre",
      "map_10": "Map 10 Nombre",
      "map_11": "Map 11 Nombre",
      "map_12": "Map 12 Nombre",
      "map_13": "Map 13 Nombre",
      "map_14": "Map 14 Nombre",
      "map_15": "Map 15 Nombre",
      "map_16": "Map 16 Nombre",
      "map_17": "Map 17 Nombre",
      "back": "Back"
    },
    "Dialogs": [
      [
        [ "EINAR", "Einar: It has been a long time since my last combat, \n my arms arent what they used to, \n my legs are tired." ],
        [ "EINAR", "   Einar: I was blessed by gods so many suns ago, \n I am Einar, the inmortal, \n calamity of my enemies \n and my the shield of my hometown." ],
        [ "EINAR", "    \n         Einar: But I have not been a defender  \n for a long time." ],
        [ "EINAR", "    \n         Einar: Tell me, Munin, raven of the memory." ],
        [ "EINAR", "    \n             Einar: ¿What did I do to be here?" ],
        [ "EINAR", "    \n             Einar: ¿Does anyone remember me?" ],
        [ "MUNIN", "    \n             Munin: ... ... ..." ]
      ],
      [
        [ "EINAR", "     Einar: I have been trying to remember  \n through my way, but I can barely \n see a few moments from my past life." ],
        [ "EINAR", "    \n          Einar: ¿Did I have a family? " ],
        [ "EINAR", "    \n     Einar: ¿What did the gods see in me?" ],
        [ "EINAR", "     Einar: My memory only says I have been \n too many years running away. My axe \n is rusty and I do not know which blood is mine." ],
        [ "EINAR", "          Einar: I need names and reasons. \n      I cant be inside the shelter of my \n      ignorance anymore. Tell me, what should \n      I do to find my answers?" ],
        [ "EINAR", "    \n          Einar: ¿Where should I go? " ],
        [ "MUNIN", "    \n          Munin:  …  …  … " ]
      ],
      [
        [ "EINAR", " \n     Einar: This forest is full of places to die, \n I should look for the Freyja's lake." ],
        [ "EINAR", " \n         Einar: Munin di algo que me sirva \n de brújula para seguir." ],
        [ "MUNIN", "     \n           Munin: ¿Do you remember Greta?" ],
        [ "EINAR", "     \n           Einar: …" ],
        [ "EINAR", "     Einar: My daughter, she was so little. \n Now I can see the color of her eyes, \n she loved riding a horse through that mountains." ],
        [ "EINAR", "          Einar: Kaira, ay Kaira. \n           I've just listened my wife's voice" ],
        [ "EINAR", "     \n           Einar: ¿How could I forgot who she was? " ],
        [ "MUNIN", "     \n           Munin:  …  …  … " ]

      ],
      [
        [ "EINAR", " \n          Einar: I've been all this way thinking \n       about my home, about the wheat fields \n my family took care of." ],
        [ "EINAR", "     \n          Einar: Life there was so beautiful" ],
        [ "EINAR", "     \n          Einar: ¿How could I end this way? " ],
        [ "EINAR", "     Einar: I spent so much time being one with \n the silence that I gave up thinking. \n I've finally woke up." ],
        [ "EINAR", " Einar: Munin, I need to keep remembering my past, \n  I want to know what happened with me \n and my hometown." ],
        [ "EINAR", "     \n     Einar: ¿What did I do during my life?" ],
        [ "MUNIN", "     \n           Munin:  …  …  … " ]

      ],
      [
        [ "EINAR", " \n          Einar: I can’t breath. I'll be immortal, \n but now my bones are broken. \n A lot of wars guide this shield.  " ],
        [ "EINAR", " \n     Einar: Why are you here Munin? " ],
        [ "MUNIN", "     \n           Munin: ¡Odín!" ],
        [ "EINAR", " \n     Einar: That damned god whas who \n constrained me to this body." ],
        [ "EINAR", "Einar: He told me I would be the protector of \n my village, what he didin't say was all the battles \n i would fight and all the death \n I would carry on." ],
        [ "EINAR", " \n     Einar: ¿How can the divine be so sadist?" ]
      ],
      [
        [ "EINAR", "           Einar: This lake makes me feel so peaceful, \n being here again is a blast, \n my house was at the East of the snowed mountains." ],
        [ "EINAR", "      \n           Einar:  The cold was a mix between homesick \n and gloom." ],
        [ "EINAR", "     \n           Einar: Jummm…," ],
        [ "EINAR", " \n     Einar: Oh hugin, Raven of the Thought \n ¿What are you doing in Midgard? " ],
        [ "EINAR", " \n     Einar: It has been so many winters since \n your last soar, I thought you were stinct." ],
        [ "HUGIN", "     \n           Hugin:  …  …  … " ],
        [ "EINAR", " \n     Einar: I can see that time did not change you. " ],
        [ "EINAR", "      Einar: If you are here to spy me on you will not \n see anything, I'm going to the place \n I was born, to look for the trace of my cradle." ],
        [ "EINAR", "     \n           Einar: ¿What still remains about myself?" ]

      ],
      [
        [ "EINAR", "\n Einar: I go dragging, avoiding those berserkers, \n they are possessed by the mushrooms of the forest." ],
        [ "EINAR", " \n      Einar: I can feel their madness because \n  i felt it too. " ],
        [ "EINAR", " \n      Einar: How could have  I been so much time \n  abducted by the rage?" ],
        [ "EINAR", "\n       Einar: Hugin, you know everything, \n confess me the gods’ reason. " ],
        [ "HUGIN", " \n            Hugin: Your questions are blind. Look \n at your fist before looking at the clouds." ],
        [ "EINAR", "      \n           Einar: Puf... " ],
        [ "EINAR", "Einar: Maybe you are right,, \n       the gods’ choices made me immortal, \n but the thirst for blood was mine.  " ],
        [ "EINAR", "      Einar: The wall of my faith has gagged me \n converting my wishes in a vile future." ],
        [ "EINAR", " \n           Einar: ¿How much time have I spent \n praying to distant ears?" ]
      ],
      [
        [ "EINAR", "Einar: The ice difficulties my way, in addition, \n my head have been so many time far away from \n my body. This trip has enraged my spirit, \n  im a mixture of rage and confusion. " ],
        [ "EINAR", "      \n           Einar: What are gods for? " ],
        [ "EINAR", "     Einar: I have seen so many times the corrosive \n      man’s will, I think the only gods’ power \n      is to plant rage in the ignorance \n      and utopias in dreams" ],
        [ "HUGIN", "      \n           Hugin: Aren't you afraid of they hearing you?" ],
        [ "EINAR", "\n Einar: For me, the death wouldn't be a punishment, \n Hugin,  I´ve loved more than I would have desired." ],
        [ "EINAR", "\n     Einar:  I could do anything for resting \n in Valhalla with my nation, \n  here only misery remains..  " ],
        [ "EINAR", "\n      Einar: How can I reach Valhalla?  " ]
      ],
      [
        [ "EINAR", "Einar: I’m tired of this place, \n there are only looters, \n      too much chaos in what once was my home." ],
        [ "EINAR", "\n      Einar: Midgard is always in battle and \n i'm not part of it anymore. " ],
        [ "EINAR", "\n      Einar: What can I do, Hugin?" ],
        [ "HUGIN", "     Hugin: The shadow is growing through \n      Yggdrasil, the gods have lost \n      their power during this time." ],
        [ "HUGIN", "\n      Hugin: Odin abandoned me when Valhalla fell." ],
        [ "EINAR", "\n           Einar: What has happened? \n       How does a god lose his power?" ],
        [ "EINAR", "Einar: I should look for the Bifrost, \n  I hope his guard, Heimdal still remembers \n that favor I did him when I saved \n his bastard daughter in Wessex’ war  " ],
        [ "EINAR", "\n           Einar: What should I do now?  " ]
      ],
      [
        [ "EINAR", "\n      Einar: What could have finished the gods off?  " ],
        [ "EINAR", "\n      Einar: I have to go to see it with my own eyes " ],
        [ "EINAR", "\n      Einar:Hugin, we are going to cross Yggdrasil \n and its planets, to join an \n army for saving Asgard. " ],
        [ "EINAR", "     Einar: If I was alone I would be lost, \n  I need to get the best beasts \n and fighters to clean up the shadows \n going across the branches." ],
        [ "HUGIN", "\n      Hugin: : The crumbs are bread too, Einar " ],
        [ "HUGIN", "\n      Hugin: : Let's cross the other eight worlds \n following the rainbow’s tail, there will be \n legends about this Destiny." ],
        [ "HUGIN", "Hugin: :   Is dangerous going alone, \n look always to who always lends you a hand and \n who hides it. " ],
        [ "EINAR", "\n      Einar:   We go to the final of finals Hugin. " ],
        [ "EINAR", "\n      Einar: I have to find how can I break this fake \n blessing I was enslave by gods." ],
        [ "EINAR", "\n      Einar: I hope to find answer through the way. " ],
        [ "EINAR", "\n      Einar:  What would be in the other worlds? " ],
        [ "EINAR", "\n      Einar:   Would I fins my family´s spirits? " ],
        [ "EINAR", "\n      Einar:   Would it be peace behind the shadow? " ],
        [ "EINAR", "\n      Einar:   Would this be the start or Ragnarok?" ],
        [ "EINAR", "\n      Einar:   Could I die one day?" ]
      ],
      [],
      [],
      [],
      [],
      [
        [ "EINAR", "Einar: Mi village loved this mountain chains, \n the winters we lived where long, but I remember \n very fontly the parties in Upsala´s Temple. " ],
        [ "EINAR", "\n Einar: My father was a loved framer and \n my mother died in my birth." ],
        [ "EINAR", "\n Einar: I learned to fight for surviving when\n  my village knew the rus invasions.  " ],
        [ "EINAR", "\n Einar: There was no King to deal with them, \n their intelligence was fitting of blader." ],
        [ "EINAR", "\n Einar: Why was so much war if everyone \n had the same blood?" ],
        [ "EINAR", "\n Einar: Was it worthy even if there was no one else?" ],
        [ "EINAR", "Einar: Im the last village´s trace, but for why \n I want to be here if I havent motives \n to celebrate nothing." ],
        [ "EINAR", "\n           Einar: Time is a constant damage. " ],
        [ "EINAR", "\n      Einar: Having pulse doesn´t makes me be alive. " ]
      ],
      [
        [ "EINAR", "Einar: I has been so long since the last time \n I saw my family that i cant recongize \n more than a few peace flashes." ],
        [ "EINAR", "     Einar: I first met Kaira in the spring´s \n patry while the crack of ices melting.  " ],
        [ "EINAR", "     Einar: We fought in the Sena´s shore \n and we crossed even the Hercules´columns.   " ],
        [ "EINAR", "     Einar: No one loved like her, i will \n never forget the day she gave birth." ],
        [ "EINAR", "     Einar: Mi loved Greta was smaller \n than my beard when she was born." ],
        [ "EINAR", "\n           Einar: With her I learned tol ove." ],
        [ "EINAR", "           Einar: She was always running through \n the farming, she hated the fight, her only pasion \n was writting big narratives over the gods and the \n stories I shared with her about my battles. " ],
        [ "EINAR", "\n           Einar: I still carry on some songs.. " ],
        [ "EINAR", "\n           Einar: What still resto f them?" ],
        [ "EINAR", "\n       Einar: Would they be happy where they where? " ]

      ]
    ]
  },

  "Store": {
    "shields": {
      "price": 30
    },
    "doublejump": {
      "price": 300
    },
    "invulnerability": {
      "price": 350
    },
    "cooldown": {
      "price": 450
    }
  }

}
